what,kind,bundleId,bundleVersion,description,time
started,bundle,org.eclipse.equinox.p2.directorywatcher,1.0.300.v20110502-1955,"org.eclipse.equinox.p2.directorywatcher",1332752686649
started,bundle,org.eclipse.equinox.p2.engine,2.1.0.v20110511,"org.eclipse.equinox.p2.engine",1332752686650
started,bundle,org.eclipse.equinox.p2.metadata,2.1.0.v20110510,"org.eclipse.equinox.p2.metadata",1332752686651
started,bundle,org.eclipse.equinox.p2.metadata.repository,1.2.0.v20110511-1359,"org.eclipse.equinox.p2.metadata.repository",1332752686651
started,bundle,org.eclipse.equinox.p2.operations,2.1.0.v20110511-1821,"org.eclipse.equinox.p2.operations",1332752686652
started,bundle,org.eclipse.equinox.p2.reconciler.dropins,1.1.100.v20110510,"org.eclipse.equinox.p2.reconciler.dropins",1332752686653
started,bundle,org.eclipse.equinox.p2.repository,2.1.0.v20110601,"org.eclipse.equinox.p2.repository",1332752686654
started,bundle,org.eclipse.equinox.p2.ui.sdk.scheduler,1.0.100.v20110502-1955,"org.eclipse.equinox.p2.ui.sdk.scheduler",1332752686654
started,bundle,org.eclipse.equinox.p2.updatechecker,1.1.200.v20110502-1955,"org.eclipse.equinox.p2.updatechecker",1332752686657
started,bundle,org.eclipse.equinox.preferences,3.4.1.R37x_v20110725,"org.eclipse.equinox.preferences",1332752686658
started,bundle,org.eclipse.equinox.registry,3.5.101.R37x_v20110810-1611,"org.eclipse.equinox.registry",1332752686659
started,bundle,org.eclipse.equinox.security,1.1.1.R37x_v20110822-1018,"org.eclipse.equinox.security",1332752686661
started,bundle,org.eclipse.equinox.util,1.0.300.v20110502,"org.eclipse.equinox.util",1332752686662
started,bundle,org.eclipse.help,3.5.100.v20110426,"org.eclipse.help",1332752686663
started,bundle,org.eclipse.jdt.apt.core,3.3.500.v20110420-1015,"org.eclipse.jdt.apt.core",1332752686664
started,bundle,org.eclipse.jdt.apt.pluggable.core,1.0.400.v20110305-1450,"org.eclipse.jdt.apt.pluggable.core",1332752686670
started,bundle,org.eclipse.jdt.core,3.7.1.v_B76_R37x,"org.eclipse.jdt.core",1332752686671
started,bundle,org.eclipse.jdt.core.manipulation,1.4.0.v20110505-0800,"org.eclipse.jdt.core.manipulation",1332752686672
started,bundle,org.eclipse.jdt.junit,3.7.0.v20110505-0800,"org.eclipse.jdt.junit",1332752686673
started,bundle,org.eclipse.jdt.launching,3.6.1.v20110803_r371,"org.eclipse.jdt.launching",1332752686674
started,bundle,org.eclipse.jdt.ui,3.7.1.r371_v20110824-0800,"org.eclipse.jdt.ui",1332752686674
started,bundle,org.eclipse.jface,3.7.0.I20110522-1430,"org.eclipse.jface",1332752686675
started,bundle,org.eclipse.jsch.core,1.1.300.I20110514-0800,"org.eclipse.jsch.core",1332752686675
started,bundle,org.eclipse.ltk.core.refactoring,3.5.201.r371_v20110824-0800,"org.eclipse.ltk.core.refactoring",1332752686677
started,bundle,org.eclipse.ltk.ui.refactoring,3.6.0.v20110505-0800,"org.eclipse.ltk.ui.refactoring",1332752686678
started,bundle,org.eclipse.m2e.logback.configuration,1.0.100.20110804-1717,"org.eclipse.m2e.logback.configuration",1332752686679
started,bundle,org.eclipse.mylyn.bugzilla.core,3.6.2.v20110903-0100,"org.eclipse.mylyn.bugzilla.core",1332752686680
started,bundle,org.eclipse.mylyn.bugzilla.ui,3.6.0.v20110608-1400,"org.eclipse.mylyn.bugzilla.ui",1332752686681
started,bundle,org.eclipse.mylyn.commons.identity,0.8.0.v20110608-1400,"org.eclipse.mylyn.commons.identity",1332752686681
started,bundle,org.eclipse.mylyn.commons.net,3.6.0.v20110608-1400,"org.eclipse.mylyn.commons.net",1332752686682
started,bundle,org.eclipse.mylyn.commons.ui,3.6.1.v20110720-0100,"org.eclipse.mylyn.commons.ui",1332752686682
started,bundle,org.eclipse.mylyn.context.core,3.6.1.v20110720-0100,"org.eclipse.mylyn.context.core",1332752686683
started,bundle,org.eclipse.mylyn.context.ui,3.6.0.v20110608-1400,"org.eclipse.mylyn.context.ui",1332752686701
started,bundle,org.eclipse.mylyn.monitor.ui,3.6.0.v20110608-1400,"org.eclipse.mylyn.monitor.ui",1332752686701
started,bundle,org.eclipse.mylyn.tasks.ui,3.6.2.v20110826-0100,"org.eclipse.mylyn.tasks.ui",1332752686703
started,bundle,org.eclipse.mylyn.team.ui,3.6.1.v20110825-0100,"org.eclipse.mylyn.team.ui",1332752686703
started,bundle,org.eclipse.search,3.7.0.v20110505-0800,"org.eclipse.search",1332752686708
started,bundle,org.eclipse.team.core,3.6.0.I20110525-0800,"org.eclipse.team.core",1332752686709
started,bundle,org.eclipse.team.cvs.core,3.3.400.I20110510-0800,"org.eclipse.team.cvs.core",1332752686709
started,bundle,org.eclipse.team.cvs.ui,3.3.400.I20110510-0800,"org.eclipse.team.cvs.ui",1332752686711
started,bundle,org.eclipse.team.ui,3.6.100.I20110525-0800,"org.eclipse.team.ui",1332752686712
started,bundle,org.eclipse.ui,3.7.0.I20110602-0100,"org.eclipse.ui",1332752686716
started,bundle,org.eclipse.ui.console,3.5.100.v20110511,"org.eclipse.ui.console",1332752686716
started,bundle,org.eclipse.ui.editors,3.7.0.v20110517-0800,"org.eclipse.ui.editors",1332752686716
started,bundle,org.eclipse.ui.forms,3.5.100.v20110425,"org.eclipse.ui.forms",1332752686718
started,bundle,org.eclipse.ui.ide,3.7.0.v20110809-1737,"org.eclipse.ui.ide",1332752686719
started,bundle,org.eclipse.ui.net,1.2.100.I20110511-0800,"org.eclipse.ui.net",1332752686721
started,bundle,org.eclipse.ui.views,3.6.0.I20110412-0800,"org.eclipse.ui.views",1332752686722
started,bundle,org.eclipse.ui.workbench,3.7.0.I20110519-0100,"org.eclipse.ui.workbench",1332752686723
started,bundle,org.eclipse.ui.workbench.texteditor,3.7.0.v20110505-0800,"org.eclipse.ui.workbench.texteditor",1332752686724
started,bundle,org.eclipse.update.configurator,3.3.100.v20100512,"org.eclipse.update.configurator",1332752686725
started,bundle,org.eclipse.update.core,3.2.500.v20110330,"org.eclipse.update.core",1332752686726
started,bundle,org.eclipse.update.scheduler,3.2.300.v20100512,"org.eclipse.update.scheduler",1332752686726
started,bundle,org.eclipse.wb.discovery.core,1.1.0.r37x201109091028,"org.eclipse.wb.discovery.core",1332752686727
started,bundle,org.eclipse.wb.discovery.ui,1.1.0.r37x201109091028,"org.eclipse.wb.discovery.ui",1332752686733
os,sysinfo,,,"win32",1332752686741
arch,sysinfo,,,"x86",1332752686741
ws,sysinfo,,,"win32",1332752686741
locale,sysinfo,,,"no_NO",1332752686741
processors,sysinfo,,,"2",1332752686741
java.runtime.name,sysinfo,,,"Java(TM) SE Runtime Environment",1332752686741
java.runtime.version,sysinfo,,,"1.6.0_29-b11",1332752686741
java.specification.name,sysinfo,,,"Java Platform API Specification",1332752686741
java.specification.vendor,sysinfo,,,"Sun Microsystems Inc.",1332752686741
java.specification.version,sysinfo,,,"1.6",1332752686741
java.vendor,sysinfo,,,"Sun Microsystems Inc.",1332752686741
java.version,sysinfo,,,"1.6.0_29",1332752686741
java.vm.info,sysinfo,,,"mixed mode, sharing",1332752686741
java.vm.name,sysinfo,,,"Java HotSpot(TM) Client VM",1332752686741
java.vm.specification.name,sysinfo,,,"Java Virtual Machine Specification",1332752686741
java.vm.specification.vendor,sysinfo,,,"Sun Microsystems Inc.",1332752686741
java.vm.specification.version,sysinfo,,,"1.0",1332752686741
java.vm.vendor,sysinfo,,,"Sun Microsystems Inc.",1332752686741
java.vm.version,sysinfo,,,"20.4-b02",1332752686741
started,bundle,org.eclipse.m2e.usagedata,1.0.100.20110804-1717,"org.eclipse.m2e.usagedata",1332752686765
opened,view,org.eclipse.ui.ide,3.7.0.v20110809-1737,"org.eclipse.ui.views.ProblemView",1332752691023
started,bundle,org.eclipse.wb.core.lib,1.1.0.r37x201109091012,"org.eclipse.wb.core.lib",1332752779854
started,bundle,org.eclipse.wb.core,1.1.0.r37x201109091012,"org.eclipse.wb.core",1332752780010
executed,command,org.eclipse.ui,3.7.0.I20110602-0100,"org.eclipse.ui.file.save",1332752780240
opened,view,org.eclipse.jdt.ui,3.7.1.r371_v20110824-0800,"org.eclipse.jdt.ui.PackageExplorer",1332753668270
started,bundle,org.eclipse.jgit,1.1.0.201109151100-r,"org.eclipse.jgit",1332753668286
activated,view,org.eclipse.jdt.ui,3.7.1.r371_v20110824-0800,"org.eclipse.jdt.ui.PackageExplorer",1332753668321
started,bundle,org.eclipse.egit.core,1.1.0.201109151100-r,"org.eclipse.egit.core",1332753668337
started,bundle,org.eclipse.egit.ui,1.1.0.201109151100-r,"org.eclipse.egit.ui",1332753668344
activated,editor,org.eclipse.jdt.ui,3.7.1.r371_v20110824-0800,"org.eclipse.jdt.ui.CompilationUnitEditor",1332753678368
activated,view,org.eclipse.jdt.ui,3.7.1.r371_v20110824-0800,"org.eclipse.jdt.ui.PackageExplorer",1332753679990
opened,editor,org.eclipse.jdt.ui,3.7.1.r371_v20110824-0800,"org.eclipse.jdt.ui.CompilationUnitEditor",1332753683447
activated,editor,org.eclipse.jdt.ui,3.7.1.r371_v20110824-0800,"org.eclipse.jdt.ui.CompilationUnitEditor",1332753683489
activated,view,org.eclipse.jdt.ui,3.7.1.r371_v20110824-0800,"org.eclipse.jdt.ui.PackageExplorer",1332753711141
opened,editor,org.eclipse.jdt.ui,3.7.1.r371_v20110824-0800,"org.eclipse.jdt.ui.CompilationUnitEditor",1332753713727
activated,editor,org.eclipse.jdt.ui,3.7.1.r371_v20110824-0800,"org.eclipse.jdt.ui.CompilationUnitEditor",1332753713786
started,bundle,org.eclipse.wb.os,1.1.0.r37x201109091012,"org.eclipse.wb.os",1332753714875
started,bundle,org.eclipse.wb.os.win32,1.1.0.r37x201109091012,"org.eclipse.wb.os.win32",1332753714902
executed,command,org.eclipse.ui,3.7.0.I20110602-0100,"org.eclipse.ui.file.refresh",1332753716634
activated,editor,org.eclipse.jdt.ui,3.7.1.r371_v20110824-0800,"org.eclipse.jdt.ui.CompilationUnitEditor",1332753750999
activated,editor,org.eclipse.jdt.ui,3.7.1.r371_v20110824-0800,"org.eclipse.jdt.ui.CompilationUnitEditor",1332753756290
activated,editor,org.eclipse.jdt.ui,3.7.1.r371_v20110824-0800,"org.eclipse.jdt.ui.CompilationUnitEditor",1332753870477
activated,editor,org.eclipse.jdt.ui,3.7.1.r371_v20110824-0800,"org.eclipse.jdt.ui.CompilationUnitEditor",1332753879954
activated,editor,org.eclipse.jdt.ui,3.7.1.r371_v20110824-0800,"org.eclipse.jdt.ui.CompilationUnitEditor",1332753903174
activated,view,org.eclipse.jdt.ui,3.7.1.r371_v20110824-0800,"org.eclipse.jdt.ui.PackageExplorer",1332753939784
opened,editor,org.eclipse.jdt.ui,3.7.1.r371_v20110824-0800,"org.eclipse.jdt.ui.CompilationUnitEditor",1332753941646
activated,editor,org.eclipse.jdt.ui,3.7.1.r371_v20110824-0800,"org.eclipse.jdt.ui.CompilationUnitEditor",1332753941682
activated,editor,org.eclipse.jdt.ui,3.7.1.r371_v20110824-0800,"org.eclipse.jdt.ui.CompilationUnitEditor",1332753959593
activated,editor,org.eclipse.jdt.ui,3.7.1.r371_v20110824-0800,"org.eclipse.jdt.ui.CompilationUnitEditor",1332754007249
activated,editor,org.eclipse.jdt.ui,3.7.1.r371_v20110824-0800,"org.eclipse.jdt.ui.CompilationUnitEditor",1332754009832
started,bundle,org.eclipse.mylyn.ide.ui,3.6.0.v20110608-1400,"org.eclipse.mylyn.ide.ui",1332754012933
started,bundle,org.eclipse.mylyn.java.ui,3.6.0.v20110608-1400,"org.eclipse.mylyn.java.ui",1332754012987
started,bundle,org.eclipse.compare,3.5.201.R37x_v20110817-0800,"org.eclipse.compare",1332754045074
started,bundle,org.eclipse.ui.cheatsheets,3.4.100.v20110425,"org.eclipse.ui.cheatsheets",1332754045178
deactivated,workbench,org.eclipse.ui.workbench,3.7.0.I20110519-0100,"",1332754045332
executed,command,org.eclipse.ui,3.7.0.I20110602-0100,"org.eclipse.ui.window.quickAccess",1332754045349
activated,workbench,org.eclipse.ui.workbench,3.7.0.I20110519-0100,"",1332754047796
activated,editor,org.eclipse.jdt.ui,3.7.1.r371_v20110824-0800,"org.eclipse.jdt.ui.CompilationUnitEditor",1332754065039
activated,editor,org.eclipse.jdt.ui,3.7.1.r371_v20110824-0800,"org.eclipse.jdt.ui.CompilationUnitEditor",1332754088820
activated,editor,org.eclipse.jdt.ui,3.7.1.r371_v20110824-0800,"org.eclipse.jdt.ui.CompilationUnitEditor",1332754149496
activated,editor,org.eclipse.jdt.ui,3.7.1.r371_v20110824-0800,"org.eclipse.jdt.ui.CompilationUnitEditor",1332754303941
executed,command,org.eclipse.ui,3.7.0.I20110602-0100,"org.eclipse.ui.edit.copy",1332754329830
executed,command,org.eclipse.ui,3.7.0.I20110602-0100,"org.eclipse.ui.edit.paste",1332754351849
activated,editor,org.eclipse.jdt.ui,3.7.1.r371_v20110824-0800,"org.eclipse.jdt.ui.CompilationUnitEditor",1332754371682
activated,editor,org.eclipse.jdt.ui,3.7.1.r371_v20110824-0800,"org.eclipse.jdt.ui.CompilationUnitEditor",1332754391212
activated,editor,org.eclipse.jdt.ui,3.7.1.r371_v20110824-0800,"org.eclipse.jdt.ui.CompilationUnitEditor",1332754393765
activated,editor,org.eclipse.jdt.ui,3.7.1.r371_v20110824-0800,"org.eclipse.jdt.ui.CompilationUnitEditor",1332754510040
activated,editor,org.eclipse.jdt.ui,3.7.1.r371_v20110824-0800,"org.eclipse.jdt.ui.CompilationUnitEditor",1332754549782
activated,editor,org.eclipse.jdt.ui,3.7.1.r371_v20110824-0800,"org.eclipse.jdt.ui.CompilationUnitEditor",1332754593107
executed,command,org.eclipse.ui,3.7.0.I20110602-0100,"org.eclipse.ui.edit.cut",1332754667935
executed,command,org.eclipse.ui,3.7.0.I20110602-0100,"org.eclipse.ui.edit.paste",1332754670752
activated,editor,org.eclipse.jdt.ui,3.7.1.r371_v20110824-0800,"org.eclipse.jdt.ui.CompilationUnitEditor",1332754689920
activated,editor,org.eclipse.jdt.ui,3.7.1.r371_v20110824-0800,"org.eclipse.jdt.ui.CompilationUnitEditor",1332754708097
executed,command,org.eclipse.ui,3.7.0.I20110602-0100,"org.eclipse.ui.file.save",1332754709669
activated,editor,org.eclipse.jdt.ui,3.7.1.r371_v20110824-0800,"org.eclipse.jdt.ui.CompilationUnitEditor",1332754711074
activated,editor,org.eclipse.jdt.ui,3.7.1.r371_v20110824-0800,"org.eclipse.jdt.ui.CompilationUnitEditor",1332754742900
activated,view,org.eclipse.jdt.ui,3.7.1.r371_v20110824-0800,"org.eclipse.jdt.ui.PackageExplorer",1332754755218
opened,editor,org.eclipse.jdt.ui,3.7.1.r371_v20110824-0800,"org.eclipse.jdt.ui.CompilationUnitEditor",1332754757520
activated,editor,org.eclipse.jdt.ui,3.7.1.r371_v20110824-0800,"org.eclipse.jdt.ui.CompilationUnitEditor",1332754757578
executed,command,org.eclipse.ui,3.7.0.I20110602-0100,"org.eclipse.ui.file.refresh",1332754759432
activated,editor,org.eclipse.jdt.ui,3.7.1.r371_v20110824-0800,"org.eclipse.jdt.ui.CompilationUnitEditor",1332754780677
activated,editor,org.eclipse.jdt.ui,3.7.1.r371_v20110824-0800,"org.eclipse.jdt.ui.CompilationUnitEditor",1332754784587
activated,editor,org.eclipse.jdt.ui,3.7.1.r371_v20110824-0800,"org.eclipse.jdt.ui.CompilationUnitEditor",1332754909555
activated,editor,org.eclipse.jdt.ui,3.7.1.r371_v20110824-0800,"org.eclipse.jdt.ui.CompilationUnitEditor",1332755016065
deactivated,workbench,org.eclipse.ui.workbench,3.7.0.I20110519-0100,"",1332755033149
activated,workbench,org.eclipse.ui.workbench,3.7.0.I20110519-0100,"",1332755196522
activated,editor,org.eclipse.jdt.ui,3.7.1.r371_v20110824-0800,"org.eclipse.jdt.ui.CompilationUnitEditor",1332755260631
activated,editor,org.eclipse.jdt.ui,3.7.1.r371_v20110824-0800,"org.eclipse.jdt.ui.CompilationUnitEditor",1332755274227
activated,editor,org.eclipse.jdt.ui,3.7.1.r371_v20110824-0800,"org.eclipse.jdt.ui.CompilationUnitEditor",1332755281721
activated,editor,org.eclipse.jdt.ui,3.7.1.r371_v20110824-0800,"org.eclipse.jdt.ui.CompilationUnitEditor",1332755299604
executed,command,org.eclipse.ui,3.7.0.I20110602-0100,"org.eclipse.ui.edit.text.contentAssist.proposals",1332755374820
executed,command,org.eclipse.ui,3.7.0.I20110602-0100,"org.eclipse.ui.file.save",1332755401341
activated,editor,org.eclipse.jdt.ui,3.7.1.r371_v20110824-0800,"org.eclipse.jdt.ui.CompilationUnitEditor",1332755403606
activated,editor,org.eclipse.jdt.ui,3.7.1.r371_v20110824-0800,"org.eclipse.jdt.ui.CompilationUnitEditor",1332755408099
deactivated,workbench,org.eclipse.ui.workbench,3.7.0.I20110519-0100,"",1332755414728
activated,workbench,org.eclipse.ui.workbench,3.7.0.I20110519-0100,"",1332755615800
deactivated,workbench,org.eclipse.ui.workbench,3.7.0.I20110519-0100,"",1332755615857
activated,workbench,org.eclipse.ui.workbench,3.7.0.I20110519-0100,"",1332755618123
activated,editor,org.eclipse.jdt.ui,3.7.1.r371_v20110824-0800,"org.eclipse.jdt.ui.CompilationUnitEditor",1332755621532
activated,editor,org.eclipse.jdt.ui,3.7.1.r371_v20110824-0800,"org.eclipse.jdt.ui.CompilationUnitEditor",1332755623286
activated,editor,org.eclipse.jdt.ui,3.7.1.r371_v20110824-0800,"org.eclipse.jdt.ui.CompilationUnitEditor",1332755640196
executed,command,org.eclipse.ui,3.7.0.I20110602-0100,"org.eclipse.ui.file.save",1332755647527
error,log,,,"JavaBuilder handling CoreException",1332755647789
deactivated,workbench,org.eclipse.ui.workbench,3.7.0.I20110519-0100,"",1332755648939
activated,workbench,org.eclipse.ui.workbench,3.7.0.I20110519-0100,"",1332755670133
executed,command,org.eclipse.ui,3.7.0.I20110602-0100,"org.eclipse.ui.edit.undo",1332755688441
executed,command,org.eclipse.ui,3.7.0.I20110602-0100,"org.eclipse.ui.edit.undo",1332755689110
executed,command,org.eclipse.ui,3.7.0.I20110602-0100,"org.eclipse.ui.file.save",1332755702819
deactivated,workbench,org.eclipse.ui.workbench,3.7.0.I20110519-0100,"",1332755704902
activated,workbench,org.eclipse.ui.workbench,3.7.0.I20110519-0100,"",1332755732698
executed,command,org.eclipse.ui,3.7.0.I20110602-0100,"org.eclipse.ui.file.refresh",1332755735687
executed,command,org.eclipse.ui,3.7.0.I20110602-0100,"org.eclipse.ui.file.refresh",1332755736906
activated,view,org.eclipse.jdt.ui,3.7.1.r371_v20110824-0800,"org.eclipse.jdt.ui.PackageExplorer",1332755744984
activated,editor,org.eclipse.jdt.ui,3.7.1.r371_v20110824-0800,"org.eclipse.jdt.ui.CompilationUnitEditor",1332755748235
executed,command,org.eclipse.ui,3.7.0.I20110602-0100,"org.eclipse.ui.edit.undo",1332755785729
executed,command,org.eclipse.ui,3.7.0.I20110602-0100,"org.eclipse.ui.edit.undo",1332755786110
executed,command,org.eclipse.ui,3.7.0.I20110602-0100,"org.eclipse.ui.edit.undo",1332755786825
executed,command,org.eclipse.ui,3.7.0.I20110602-0100,"org.eclipse.ui.edit.undo",1332755787304
executed,command,org.eclipse.ui,3.7.0.I20110602-0100,"org.eclipse.ui.edit.undo",1332755787657
executed,command,org.eclipse.ui,3.7.0.I20110602-0100,"org.eclipse.ui.edit.undo",1332755787993
executed,command,org.eclipse.ui,3.7.0.I20110602-0100,"org.eclipse.ui.edit.undo",1332755788309
activated,view,org.eclipse.jdt.ui,3.7.1.r371_v20110824-0800,"org.eclipse.jdt.ui.PackageExplorer",1332755801514
opened,editor,org.eclipse.jdt.ui,3.7.1.r371_v20110824-0800,"org.eclipse.jdt.ui.CompilationUnitEditor",1332755803280
activated,editor,org.eclipse.jdt.ui,3.7.1.r371_v20110824-0800,"org.eclipse.jdt.ui.CompilationUnitEditor",1332755803339
executed,command,org.eclipse.ui,3.7.0.I20110602-0100,"org.eclipse.ui.file.refresh",1332755804863
activated,editor,org.eclipse.jdt.ui,3.7.1.r371_v20110824-0800,"org.eclipse.jdt.ui.CompilationUnitEditor",1332755806486
executed,command,org.eclipse.ui,3.7.0.I20110602-0100,"org.eclipse.ui.edit.copy",1332755872901
executed,command,org.eclipse.ui,3.7.0.I20110602-0100,"org.eclipse.ui.edit.paste",1332755900429
deactivated,workbench,org.eclipse.ui.workbench,3.7.0.I20110519-0100,"",1332755909564
activated,workbench,org.eclipse.ui.workbench,3.7.0.I20110519-0100,"",1332755927783
executed,command,org.eclipse.ui,3.7.0.I20110602-0100,"org.eclipse.ui.edit.paste",1332755936355
executed,command,org.eclipse.ui,3.7.0.I20110602-0100,"org.eclipse.ui.file.save",1332755942611
executed,command,org.eclipse.ui,3.7.0.I20110602-0100,"org.eclipse.ui.edit.cut",1332756001909
executed,command,org.eclipse.ui,3.7.0.I20110602-0100,"org.eclipse.ui.edit.paste",1332756002490
executed,command,org.eclipse.ui,3.7.0.I20110602-0100,"org.eclipse.ui.file.save",1332756004827
deactivated,workbench,org.eclipse.ui.workbench,3.7.0.I20110519-0100,"",1332756433734
activated,workbench,org.eclipse.ui.workbench,3.7.0.I20110519-0100,"",1332756728679
activated,editor,org.eclipse.jdt.ui,3.7.1.r371_v20110824-0800,"org.eclipse.jdt.ui.CompilationUnitEditor",1332756911715
executed,command,org.eclipse.ui,3.7.0.I20110602-0100,"org.eclipse.ui.file.save",1332756916508
activated,editor,org.eclipse.jdt.ui,3.7.1.r371_v20110824-0800,"org.eclipse.jdt.ui.CompilationUnitEditor",1332756919436
activated,editor,org.eclipse.jdt.ui,3.7.1.r371_v20110824-0800,"org.eclipse.jdt.ui.CompilationUnitEditor",1332756924169
activated,editor,org.eclipse.jdt.ui,3.7.1.r371_v20110824-0800,"org.eclipse.jdt.ui.CompilationUnitEditor",1332756927051
activated,editor,org.eclipse.jdt.ui,3.7.1.r371_v20110824-0800,"org.eclipse.jdt.ui.CompilationUnitEditor",1332756929809
activated,editor,org.eclipse.jdt.ui,3.7.1.r371_v20110824-0800,"org.eclipse.jdt.ui.CompilationUnitEditor",1332756932704
activated,editor,org.eclipse.jdt.ui,3.7.1.r371_v20110824-0800,"org.eclipse.jdt.ui.CompilationUnitEditor",1332756940022
activated,view,org.eclipse.jdt.ui,3.7.1.r371_v20110824-0800,"org.eclipse.jdt.ui.PackageExplorer",1332756958777
activated,editor,org.eclipse.jdt.ui,3.7.1.r371_v20110824-0800,"org.eclipse.jdt.ui.CompilationUnitEditor",1332756961592
deactivated,workbench,org.eclipse.ui.workbench,3.7.0.I20110519-0100,"",1332758153237
activated,workbench,org.eclipse.ui.workbench,3.7.0.I20110519-0100,"",1332758204415
deactivated,workbench,org.eclipse.ui.workbench,3.7.0.I20110519-0100,"",1332758248230
activated,workbench,org.eclipse.ui.workbench,3.7.0.I20110519-0100,"",1332758250480
deactivated,workbench,org.eclipse.ui.workbench,3.7.0.I20110519-0100,"",1332758251676
activated,workbench,org.eclipse.ui.workbench,3.7.0.I20110519-0100,"",1332758328139
executed,command,org.eclipse.ui,3.7.0.I20110602-0100,"org.eclipse.ui.edit.copy",1332758378682
executed,command,org.eclipse.ui,3.7.0.I20110602-0100,"org.eclipse.ui.edit.paste",1332758397631
activated,editor,org.eclipse.jdt.ui,3.7.1.r371_v20110824-0800,"org.eclipse.jdt.ui.CompilationUnitEditor",1332758417873
activated,editor,org.eclipse.jdt.ui,3.7.1.r371_v20110824-0800,"org.eclipse.jdt.ui.CompilationUnitEditor",1332758424099
deactivated,workbench,org.eclipse.ui.workbench,3.7.0.I20110519-0100,"",1332758459623
activated,workbench,org.eclipse.ui.workbench,3.7.0.I20110519-0100,"",1332758532834
deactivated,workbench,org.eclipse.ui.workbench,3.7.0.I20110519-0100,"",1332758569771
activated,workbench,org.eclipse.ui.workbench,3.7.0.I20110519-0100,"",1332758569781
activated,editor,org.eclipse.jdt.ui,3.7.1.r371_v20110824-0800,"org.eclipse.jdt.ui.CompilationUnitEditor",1332758610506
activated,editor,org.eclipse.jdt.ui,3.7.1.r371_v20110824-0800,"org.eclipse.jdt.ui.CompilationUnitEditor",1332758612357
activated,editor,org.eclipse.jdt.ui,3.7.1.r371_v20110824-0800,"org.eclipse.jdt.ui.CompilationUnitEditor",1332758614561
deactivated,workbench,org.eclipse.ui.workbench,3.7.0.I20110519-0100,"",1332758703829
activated,workbench,org.eclipse.ui.workbench,3.7.0.I20110519-0100,"",1332758772875
deactivated,workbench,org.eclipse.ui.workbench,3.7.0.I20110519-0100,"",1332758790638
activated,workbench,org.eclipse.ui.workbench,3.7.0.I20110519-0100,"",1332758793777
deactivated,workbench,org.eclipse.ui.workbench,3.7.0.I20110519-0100,"",1332758826641
activated,workbench,org.eclipse.ui.workbench,3.7.0.I20110519-0100,"",1332758965118
deactivated,workbench,org.eclipse.ui.workbench,3.7.0.I20110519-0100,"",1332759060605
activated,workbench,org.eclipse.ui.workbench,3.7.0.I20110519-0100,"",1332759071749
activated,editor,org.eclipse.jdt.ui,3.7.1.r371_v20110824-0800,"org.eclipse.jdt.ui.CompilationUnitEditor",1332759296764
activated,editor,org.eclipse.jdt.ui,3.7.1.r371_v20110824-0800,"org.eclipse.jdt.ui.CompilationUnitEditor",1332759297304
deactivated,workbench,org.eclipse.ui.workbench,3.7.0.I20110519-0100,"",1332759532945
activated,workbench,org.eclipse.ui.workbench,3.7.0.I20110519-0100,"",1332759548167
deactivated,workbench,org.eclipse.ui.workbench,3.7.0.I20110519-0100,"",1332759563579
activated,workbench,org.eclipse.ui.workbench,3.7.0.I20110519-0100,"",1332759742782
activated,editor,org.eclipse.jdt.ui,3.7.1.r371_v20110824-0800,"org.eclipse.jdt.ui.CompilationUnitEditor",1332760161442
activated,editor,org.eclipse.jdt.ui,3.7.1.r371_v20110824-0800,"org.eclipse.jdt.ui.CompilationUnitEditor",1332760182068
activated,editor,org.eclipse.jdt.ui,3.7.1.r371_v20110824-0800,"org.eclipse.jdt.ui.CompilationUnitEditor",1332760369965
closed,editor,org.eclipse.jdt.ui,3.7.1.r371_v20110824-0800,"org.eclipse.jdt.ui.CompilationUnitEditor",1332760369970
activated,editor,org.eclipse.jdt.ui,3.7.1.r371_v20110824-0800,"org.eclipse.jdt.ui.CompilationUnitEditor",1332760370987
activated,editor,org.eclipse.jdt.ui,3.7.1.r371_v20110824-0800,"org.eclipse.jdt.ui.CompilationUnitEditor",1332760373829
closed,editor,org.eclipse.jdt.ui,3.7.1.r371_v20110824-0800,"org.eclipse.jdt.ui.CompilationUnitEditor",1332760373829
activated,editor,org.eclipse.jdt.ui,3.7.1.r371_v20110824-0800,"org.eclipse.jdt.ui.CompilationUnitEditor",1332760374521
activated,editor,org.eclipse.jdt.ui,3.7.1.r371_v20110824-0800,"org.eclipse.jdt.ui.CompilationUnitEditor",1332760377024
closed,editor,org.eclipse.jdt.ui,3.7.1.r371_v20110824-0800,"org.eclipse.jdt.ui.CompilationUnitEditor",1332760377025
executed,command,org.eclipse.ui,3.7.0.I20110602-0100,"org.eclipse.ui.file.save",1332760385376
activated,editor,org.eclipse.jdt.ui,3.7.1.r371_v20110824-0800,"org.eclipse.jdt.ui.CompilationUnitEditor",1332760421469
activated,editor,org.eclipse.jdt.ui,3.7.1.r371_v20110824-0800,"org.eclipse.jdt.ui.CompilationUnitEditor",1332760423926
activated,editor,org.eclipse.jdt.ui,3.7.1.r371_v20110824-0800,"org.eclipse.jdt.ui.CompilationUnitEditor",1332760425549
closed,editor,org.eclipse.jdt.ui,3.7.1.r371_v20110824-0800,"org.eclipse.jdt.ui.CompilationUnitEditor",1332760425549
activated,editor,org.eclipse.jdt.ui,3.7.1.r371_v20110824-0800,"org.eclipse.jdt.ui.CompilationUnitEditor",1332760426484
closed,editor,org.eclipse.jdt.ui,3.7.1.r371_v20110824-0800,"org.eclipse.jdt.ui.CompilationUnitEditor",1332760426484
